{
    "dimStack": [
        {
            "dimensionId": "minecraft:overworld",
            "scale": 1.0,
            "flipped": false,
            "horizontalRotation": 0.0,
            "topY": 320,
            "bottomY": -64
        },
        {
            "dimensionId": "minecraft:the_nether",
            "scale": 1.0,
            "flipped": false,
            "horizontalRotation": 0.0,
            "topY": 128,
            "bottomY": 0
        },
        {
            "dimensionId": "deeperdarker:otherside",
            "scale": 1.0,
            "flipped": false,
            "horizontalRotation": 0.0,
            "topY": 128,
            "bottomY": 0
        }
    ],
    "loop": false
}